{
	"#packets": {
		"total_sum": 21671547400.562523,
		"mean": 31362586.686776444,
		"median": 30631606.9,
		"std_dev": 3910387.098338738
	},
	"#bytes": {
		"total_sum": 1096478227787.2615,
		"mean": 1586799171.9063118,
		"median": 1553599388.55,
		"std_dev": 205700212.9436209
	},
	"#unique_IP_sources": {
		"total_sum": 214385089.42298356,
		"mean": 310253.3855614813,
		"median": 314327.3,
		"std_dev": 26275.48202470838
	},
	"#unique_IP_destinations": {
		"total_sum": 7027349911.901882,
		"mean": 10169826.211145995,
		"median": 10177240.15,
		"std_dev": 305080.9562359975
	}
}