{
	"#packets": {
		"total_sum": 971955568.88153,
		"mean": 31353405.447791293,
		"median": 30887258.645012,
		"std_dev": 3000084.9665721282
	},
	"#bytes": {
		"total_sum": 49034233321.3334,
		"mean": 1581749461.9784968,
		"median": 1579953083.1417,
		"std_dev": 134879222.5375384
	},
	"#unique_IP_sources": {
		"total_sum": 9570121.61496503,
		"mean": 308713.60048274294,
		"median": 309720.48402778,
		"std_dev": 12376.687135008204
	},
	"#unique_IP_destinations": {
		"total_sum": 315382122.7143358,
		"mean": 10173616.861752767,
		"median": 10181868.614094,
		"std_dev": 221844.571001493
	}
}