{
	"2010-3": {
		"#start_timestamp": 1267398000.0,
		"#end_timestamp": 1270072740.0,
		"#bytes": {
			"median": 172.12570437292
		}
	},
	"2010-4": {
		"#start_timestamp": 1270072800.0,
		"#end_timestamp": 1272664740.0,
		"#bytes": {
			"median": 175.28163028646
		}
	},
	"2010-5": {
		"#start_timestamp": 1272664800.0,
		"#end_timestamp": 1275343140.0,
		"#bytes": {
			"median": 129.31567394583
		}
	},
	"2010-6": {
		"#start_timestamp": 1275343200.0,
		"#end_timestamp": 1277935140.0,
		"#bytes": {
			"median": 157.08321728125
		}
	},
	"2010-7": {
		"#start_timestamp": 1277935200.0,
		"#end_timestamp": 1280613540.0,
		"#bytes": {
			"median": 157.630153250345
		}
	},
	"2010-8": {
		"#start_timestamp": 1280613600.0,
		"#end_timestamp": 1283291940.0,
		"#bytes": {
			"median": 144.076242172915
		}
	},
	"2010-9": {
		"#start_timestamp": 1283292000.0,
		"#end_timestamp": 1285883940.0,
		"#bytes": {
			"median": 137.8543971559
		}
	},
	"2010-10": {
		"#start_timestamp": 1285884000.0,
		"#end_timestamp": 1288565940.0,
		"#bytes": {
			"median": 136.88849082153
		}
	},
	"2010-11": {
		"#start_timestamp": 1288566000.0,
		"#end_timestamp": 1291157940.0,
		"#bytes": {
			"median": 132.63156240243
		}
	},
	"2010-12": {
		"#start_timestamp": 1291158000.0,
		"#end_timestamp": 1293836340.0,
		"#bytes": {
			"median": 127.73090737569
		}
	},
	"2011-1": {
		"#start_timestamp": 1293836400.0,
		"#end_timestamp": 1296514740.0,
		"#bytes": {
			"median": 124.71852196667001
		}
	},
	"2011-2": {
		"#start_timestamp": 1296514800.0,
		"#end_timestamp": 1298933940.0,
		"#bytes": {
			"median": 115.73270536597
		}
	},
	"2011-3": {
		"#start_timestamp": 1298934000.0,
		"#end_timestamp": 1301608740.0,
		"#bytes": {
			"median": 121.10866736319
		}
	},
	"2011-4": {
		"#start_timestamp": 1301608800.0,
		"#end_timestamp": 1304200740.0,
		"#bytes": {
			"median": 129.56804281875
		}
	},
	"2011-5": {
		"#start_timestamp": 1304200800.0,
		"#end_timestamp": 1306879140.0,
		"#bytes": {
			"median": 125.75802206736
		}
	},
	"2011-6": {
		"#start_timestamp": 1306879200.0,
		"#end_timestamp": 1309471140.0,
		"#bytes": {
			"median": 122.222996130555
		}
	},
	"2011-7": {
		"#start_timestamp": 1309471200.0,
		"#end_timestamp": 1312149540.0,
		"#bytes": {
			"median": 125.30081612986
		}
	},
	"2011-8": {
		"#start_timestamp": 1312149600.0,
		"#end_timestamp": 1314827940.0,
		"#bytes": {
			"median": 123.54410902917
		}
	},
	"2011-9": {
		"#start_timestamp": 1314828000.0,
		"#end_timestamp": 1317419940.0,
		"#bytes": {
			"median": 117.75501436041999
		}
	},
	"2011-10": {
		"#start_timestamp": 1317420000.0,
		"#end_timestamp": 1320101940.0,
		"#bytes": {
			"median": 106.92727990380999
		}
	},
	"2011-11": {
		"#start_timestamp": 1320102000.0,
		"#end_timestamp": 1322693940.0,
		"#bytes": {
			"median": 102.75573292091
		}
	},
	"2011-12": {
		"#start_timestamp": 1322694000.0,
		"#end_timestamp": 1325372340.0,
		"#bytes": {
			"median": 118.39057210764
		}
	},
	"2012-1": {
		"#start_timestamp": 1325372400.0,
		"#end_timestamp": 1328050740.0,
		"#bytes": {
			"median": 128.51304777894
		}
	},
	"2012-2": {
		"#start_timestamp": 1328050800.0,
		"#end_timestamp": 1330556340.0,
		"#bytes": {
			"median": 155.95093712707998
		}
	},
	"2012-3": {
		"#start_timestamp": 1330556400.0,
		"#end_timestamp": 1333231140.0,
		"#bytes": {
			"median": 139.04510990764
		}
	},
	"2012-4": {
		"#start_timestamp": 1333231200.0,
		"#end_timestamp": 1335823140.0,
		"#bytes": {
			"median": 154.972375929515
		}
	},
	"2012-5": {
		"#start_timestamp": 1335823200.0,
		"#end_timestamp": 1338501540.0,
		"#bytes": {
			"median": 159.95968313889
		}
	},
	"2012-6": {
		"#start_timestamp": 1338501600.0,
		"#end_timestamp": 1341093540.0,
		"#bytes": {
			"median": 148.194486141665
		}
	},
	"2012-7": {
		"#start_timestamp": 1341093600.0,
		"#end_timestamp": 1343771940.0,
		"#bytes": {
			"median": 184.35357677292
		}
	},
	"2012-8": {
		"#start_timestamp": 1343772000.0,
		"#end_timestamp": 1346450340.0,
		"#bytes": {
			"median": 183.00679636735998
		}
	},
	"2012-9": {
		"#start_timestamp": 1346450400.0,
		"#end_timestamp": 1349042340.0,
		"#bytes": {
			"median": 160.38028966319501
		}
	},
	"2012-10": {
		"#start_timestamp": 1349042400.0,
		"#end_timestamp": 1351724340.0,
		"#bytes": {
			"median": 143.10170606110998
		}
	},
	"2012-11": {
		"#start_timestamp": 1351724400.0,
		"#end_timestamp": 1354316340.0,
		"#bytes": {
			"median": 193.77063757847
		}
	},
	"2012-12": {
		"#start_timestamp": 1354316400.0,
		"#end_timestamp": 1356994740.0,
		"#bytes": {
			"median": 171.47670268853997
		}
	},
	"2013-1": {
		"#start_timestamp": 1356994800.0,
		"#end_timestamp": 1359673140.0,
		"#bytes": {
			"median": 176.9696691875
		}
	},
	"2013-2": {
		"#start_timestamp": 1359673200.0,
		"#end_timestamp": 1362092340.0,
		"#bytes": {
			"median": 162.11653815077503
		}
	},
	"2013-3": {
		"#start_timestamp": 1362092400.0,
		"#end_timestamp": 1364767140.0,
		"#bytes": {
			"median": 153.50964374306
		}
	},
	"2013-4": {
		"#start_timestamp": 1364767200.0,
		"#end_timestamp": 1367359140.0,
		"#bytes": {
			"median": 139.236042856945
		}
	},
	"2013-5": {
		"#start_timestamp": 1367359200.0,
		"#end_timestamp": 1370037540.0,
		"#bytes": {
			"median": 138.95728340208
		}
	},
	"2013-6": {
		"#start_timestamp": 1370037600.0,
		"#end_timestamp": 1372629540.0,
		"#bytes": {
			"median": 139.430451475
		}
	},
	"2013-7": {
		"#start_timestamp": 1372629600.0,
		"#end_timestamp": 1375307940.0,
		"#bytes": {
			"median": 140.73119150277998
		}
	},
	"2013-8": {
		"#start_timestamp": 1375308000.0,
		"#end_timestamp": 1377986340.0,
		"#bytes": {
			"median": 146.04306547847
		}
	},
	"2013-9": {
		"#start_timestamp": 1377986400.0,
		"#end_timestamp": 1380578340.0,
		"#bytes": {
			"median": 164.77680606799998
		}
	},
	"2013-10": {
		"#start_timestamp": 1380578400.0,
		"#end_timestamp": 1383260340.0,
		"#bytes": {
			"median": 167.71070528125
		}
	},
	"2013-11": {
		"#start_timestamp": 1383260400.0,
		"#end_timestamp": 1385852340.0,
		"#bytes": {
			"median": 181.09921372014
		}
	},
	"2013-12": {
		"#start_timestamp": 1385852400.0,
		"#end_timestamp": 1388530740.0,
		"#bytes": {
			"median": 182.84931343889002
		}
	},
	"2014-1": {
		"#start_timestamp": 1388530800.0,
		"#end_timestamp": 1391209140.0,
		"#bytes": {
			"median": 155.87557360069002
		}
	},
	"2014-2": {
		"#start_timestamp": 1391209200.0,
		"#end_timestamp": 1393628340.0,
		"#bytes": {
			"median": 250.87438867326497
		}
	},
	"2014-3": {
		"#start_timestamp": 1393628400.0,
		"#end_timestamp": 1396303140.0,
		"#bytes": {
			"median": 301.72069823889
		}
	},
	"2014-4": {
		"#start_timestamp": 1396303200.0,
		"#end_timestamp": 1398895140.0,
		"#bytes": {
			"median": 246.63005510416502
		}
	},
	"2014-5": {
		"#start_timestamp": 1398895200.0,
		"#end_timestamp": 1401573540.0,
		"#bytes": {
			"median": 203.28159302222
		}
	},
	"2014-6": {
		"#start_timestamp": 1401573600.0,
		"#end_timestamp": 1404165540.0,
		"#bytes": {
			"median": 223.675103196875
		}
	},
	"2014-7": {
		"#start_timestamp": 1404165600.0,
		"#end_timestamp": 1406843940.0,
		"#bytes": {
			"median": 218.35538761875
		}
	},
	"2014-8": {
		"#start_timestamp": 1406844000.0,
		"#end_timestamp": 1409522340.0,
		"#bytes": {
			"median": 330.82644821806
		}
	},
	"2014-9": {
		"#start_timestamp": 1409522400.0,
		"#end_timestamp": 1412114340.0,
		"#bytes": {
			"median": 368.56879799861
		}
	},
	"2014-10": {
		"#start_timestamp": 1412114400.0,
		"#end_timestamp": 1414796340.0,
		"#bytes": {
			"median": 348.91859883403
		}
	},
	"2014-11": {
		"#start_timestamp": 1414796400.0,
		"#end_timestamp": 1417388340.0,
		"#bytes": {
			"median": 413.6111172399
		}
	},
	"2014-12": {
		"#start_timestamp": 1417388400.0,
		"#end_timestamp": 1420066740.0,
		"#bytes": {
			"median": 429.54724195972
		}
	},
	"2015-1": {
		"#start_timestamp": 1420066800.0,
		"#end_timestamp": 1422745140.0,
		"#bytes": {
			"median": 435.44782120972
		}
	},